abes.fr,ac-aix-marseille.fr,ac-amiens.fr,ac-caen.fr,ac-clermont.fr,ac-corse.fr,ac-creteil.fr,ac-dijon.fr,ac-grenoble.fr,ac-guadeloupe.fr,ac-guyane.fr,ac-lille.fr,ac-limoges.fr,ac-lyon.fr,ac-martinique.fr,ac-mayotte.fr,ac-montpellier.fr,ac-nancy-metz.fr,ac-nantes.fr,ac-nice.fr,ac-noumea.nc,ac-orleans-tours.fr,ac-paris.fr,ac-poitiers.fr,ac-polynesie.pf,ac-reims.fr,ac-rennes.fr,ac-reunion.fr,ac-rouen.fr,ac-spm.fr,ac-strasbourg.fr,ac-toulouse.fr,ac-versailles.fr,ac-wf.wf,adm.ups-tlse.fr,aeres-evaluation.fr,amue.fr,ansm.sante.fr,apc.univ-paris7.fr,ars.sante.fr,asp-public.fr,bnf.fr,bpifrance.fr,ccifrance.fr,ccomptes.fr,cefe.cnrs.fr,centrale-marseille.fr,cerema.fr,cereq.fr,cgi.com,chateauversailles.fr,chu-lyon.fr,cnc.fr,cned.fr,cnil.fr,cnmss.fr,cnous.fr,cnrs-dir.fr,cnrs.fr,cnsa.fr,college-de-france.fr,conseil-etat.fr,crous-grenoble.fr,crous-montpellier.fr,crous-nantes.fr,crous-poitiers.fr,crous-rouen.fr,crous-toulouse.fr,dauphine.fr,defenseurdesdroits.fr,dgfip.fr,direccte.gouv.fr.,dsi.cnrs.fr,ec-nantes.fr,economat-armees.fr,ecp.fr,educagri.fr,ehesp.fr,eleve.ehesp.fr,eleve.ena.fr,gouv.nc,ena.fr,enim.eu,enpc.fr,ens-lyon.fr,ens.fr,ensam.eu,ensccf.fr,enseeiht.fr,ensiacet.fr,ensta-bretagne.fr,ephe.sorbonne.fr,faire-simple-innovons.fr,gm.univ-montp2.fr,greffe-tc-paris.fr,grenet.fr,has-sante.fr,i-carre.net,ifma.fr,ifsttar.fr,igh.cnrs.fr,ign.fr,inalco.fr,inp-toulouse.fr,inpes.fr,inpes.sante.fr,inria.fr,insa-rennes.fr,insa-rouen.fr,insa-toulouse.fr,insee.fr,inserm.fr,irit.fr,irstea.fr,isc.cnrs.fr,isima.fr,iut-laroche.univ-nantes.fr,iut-tlse3.fr,iut-valence.fr,iut2.upmf-grenoble.fr,justice.fr,l3m.univ-mrs.fr,laas.fr,lanetscouade.com,laplace.univ-tlse.fr,lpccaen.in2p3.fr,math.cnrs.fr,math.univ-lille1.fr,mines-albi.fr,mines-ales.fr,mines-douai.fr,mines-paristech.fr,mnhn.fr,monuments-nationaux.fr,msp975.fr,normandie-univ.fr,obspm.fr,ofii.fr,onema.fr,onisep.fr,paris-sorbonne.fr,parisdescartes.fr,sie-francaise.pref.gouv.fr,polytechnique.edu,pompiersparis.fr,pref71.fr,reseau-canope.fr,rhonealpes.fr,santepubliquefrance.fr,sb-roscoff.fr,senat.fr,sg.social.fr,u-bordeaux.fr,u-bordeaux1.fr,u-bordeaux3.fr,u-bordeaux4.fr,u-bourgogne.fr,u-cergy.fr,u-clermont1.fr,u-clermont2.fr,u-grenoble3.fr,u-paris10.fr,u-paris2.fr,u-pec.fr,u-pem.fr,u-picardie.fr,u-psud.fr,uha.fr,ujf-grenoble.fr,unicaen.fr,unice.fr,unilim.fr,unimes.fr,unistra.fr,univ-ag.fr,univ-amu.fr,univ-angers.fr,univ-artois.fr,univ-avignon.fr,univ-bordeauxsegalen.fr,univ-bpclermont.fr,univ-brest.fr,univ-corse.fr,univ-evry.fr,univ-fcomte.fr,univ-larochelle.fr,univ-lehavre.fr,univ-lemans.fr,univ-lille1.fr,univ-lille2.fr,univ-lille3.fr,univ-littoral.fr,univ-lorraine.fr,univ-lyon1.fr,univ-lyon2.fr,univ-lyon3.fr,univ-mayotte.fr,univ-mlv.fr,univ-montp1.fr,univ-montp2.fr,univ-montp3.fr,univ-nantes.fr,univ-nc.nc,univ-nice.fr,univ-orleans.fr,univ-paris-diderot.fr,univ-paris-est.fr,univ-paris1.fr,univ-paris13.fr,univ-paris3.fr,univ-paris5.fr,univ-paris8.fr,univ-pau.fr,univ-perp.fr,univ-poitiers.fr,univ-reims.fr,univ-rennes1.fr,univ-rennes2.fr,univ-reunion.fr,univ-rouen.fr,univ-savoie.fr,univ-st-etienne.fr,univ-tln.fr,univ-tlse2.fr,univ-tlse3.fr,univ-toulouse.fr,univ-tours.fr,univ-ubs.fr,univ-valenciennes.fr,universite-lyon.fr,upf.pf,upmc.fr,upmf-grenoble.fr,urc-eco.fr,ut-capitole.fr,utbm.fr,utc.fr,utinam.cnrs.fr,utt.fr,uvsq.fr,versailles.archi.fr,versailles.inra.fr,vosgelis.fr,gouv.fr,debatpublic.fr,strasbourg.archi.fr,sdelafond@gmail.com
